--
-- Script was generated by Devart dbForge Studio 2022 for SQL Server, Version 6.1.14.0
-- Product Home Page: http://www.devart.com/dbforge/sql/studio
-- Script date 1/6/2023 11:55:46 PM
-- Target server version: 15.00.2000
-- Target connection string: Data Source=MSI\SQLEXPRESS;Integrated Security=True;User ID=MSI\PC
--



SET LANGUAGE 'English'
SET DATEFORMAT ymd
SET ARITHABORT, ANSI_PADDING, ANSI_WARNINGS, CONCAT_NULL_YIELDS_NULL, QUOTED_IDENTIFIER, ANSI_NULLS, NOCOUNT ON
SET NUMERIC_ROUNDABORT, IMPLICIT_TRANSACTIONS, XACT_ABORT OFF
GO

--
-- Backing up database TrainingSystem
--
--
-- Create backup folder
--
IF OBJECT_ID('xp_create_subdir') IS NOT NULL
  EXEC xp_create_subdir N'C:\Program Files\Microsoft SQL Server\MSSQL15.SQLEXPRESS\MSSQL\Backup'
--
-- Backup database to the file with the name: <database_name>_<yyyy>_<mm>_<dd>_<hh>_<mi>.bak
--
DECLARE @db_name SYSNAME
SET @db_name = N'TrainingSystem'

DECLARE @filepath NVARCHAR(4000)
SET @filepath =
/*define base part*/ N'C:\Program Files\Microsoft SQL Server\MSSQL15.SQLEXPRESS\MSSQL\Backup\' + @db_name + '_' +
/*append date*/ REPLACE(CONVERT(NVARCHAR(10), GETDATE(), 102), '.', '_') + '_' +
/*append time*/ REPLACE(CONVERT(NVARCHAR(5), GETDATE(), 108), ':', '_') + '.bak'

DECLARE @SQL NVARCHAR(MAX)
SET @SQL = 
    N'BACKUP DATABASE ' + QUOTENAME(@db_name) + ' TO DISK = @filepath WITH INIT' + 
      CASE WHEN EXISTS(
                SELECT value
                FROM sys.configurations WITH (NOLOCK)
                WHERE name = 'backup compression default'
          )
        THEN ', COMPRESSION'
        ELSE ''
      END

EXEC sys.sp_executesql @SQL, N'@filepath NVARCHAR(4000)', @filepath = @filepath
GO

USE TrainingSystem
GO

IF DB_NAME() <> N'TrainingSystem' SET NOEXEC ON
GO
--
-- Delete data from the table 'dbo.LopHoc'
--
TRUNCATE TABLE dbo.LopHoc
GO
--
-- Delete data from the table 'dbo.KhoaHoc'
--
DELETE dbo.KhoaHoc
GO
--
-- Delete data from the table 'dbo.NguoiHuongDan'
--
DELETE dbo.NguoiHuongDan
GO
--
-- Delete data from the table 'dbo.MonHoc'
--
DELETE dbo.MonHoc
GO
--
-- Delete data from the table 'dbo.HocVien'
--
DELETE dbo.HocVien
GO

--
-- Inserting data into table dbo.HocVien
--
INSERT dbo.HocVien(MaHV, TenHV, SDT_HV, DiaChi_HV, Email_HV, ChucVu, active) VALUES (N'HV92', N'Abraham Acevedo', '0451250197', N'750 NE Beachwood Loop, Equitable Building, Denver, CO, 31201', N'Bolt@nowhere.com', N'Intern', 1)
INSERT dbo.HocVien(MaHV, TenHV, SDT_HV, DiaChi_HV, Email_HV, ChucVu, active) VALUES (N'HV52', N'Retta Lord', '0852432378', N'995 Hidden Sharp Hill Rd, Penobscot Building, Montgomery, Alabama, 28496', N'Morehead@example.com', N'Intern', 1)
INSERT dbo.HocVien(MaHV, TenHV, SDT_HV, DiaChi_HV, Email_HV, ChucVu, active) VALUES (N'HV12', N'Treena Lind', '0676972929', N'90 E Hope St, Jefferson City, MO, 65809', N'qpzre411@example.com', N'Intern', 1)
INSERT dbo.HocVien(MaHV, TenHV, SDT_HV, DiaChi_HV, Email_HV, ChucVu, active) VALUES (N'HV32', N'Hong Beaudoin', '0338275083', N'3775 Market Avenue, Concord, NH, 92786', N'Bray162@example.com', N'Fresher', 0)
INSERT dbo.HocVien(MaHV, TenHV, SDT_HV, DiaChi_HV, Email_HV, ChucVu, active) VALUES (N'HV22', N'Jason Blackmon', '0854992987', N'2337 Church Lane, Superior Bldg, Augusta, Maine, 96301', N'Sidney_Agnew3@nowhere.com', N'Fresher', 0)
INSERT dbo.HocVien(MaHV, TenHV, SDT_HV, DiaChi_HV, Email_HV, ChucVu, active) VALUES (N'HV82', N'Tiny Card', '0214874568', N'2774 Cedar Tree Pkwy, Calyon Building, Raleigh, NC, 20197', N'xmhz1900@nowhere.com', N'Fresher', 1)
INSERT dbo.HocVien(MaHV, TenHV, SDT_HV, DiaChi_HV, Email_HV, ChucVu, active) VALUES (N'HV62', N'Carroll Binder', '0373427746', N'3106 Mountain St, Calyon Bldg, Tallahassee, Florida, 10285', N'Monroe.Rinehart@nowhere.com', N'Intern', 1)
INSERT dbo.HocVien(MaHV, TenHV, SDT_HV, DiaChi_HV, Email_HV, ChucVu, active) VALUES (N'HV42', N'Maynard Brockman', '0782800522', N'2036 South Sharp Hill St, Salem, Oregon, 44550', N'Gutierrez73@example.com', N'Fresher', 0)
INSERT dbo.HocVien(MaHV, TenHV, SDT_HV, DiaChi_HV, Email_HV, ChucVu, active) VALUES (N'HV72', N'Peggy Charlton', '0286453773', N'322 Old Deepwood Parkway, Equitable Bldg, Albany, New York, 05900', N'FelipaAbernathy@nowhere.com', N'Intern', 1)
INSERT dbo.HocVien(MaHV, TenHV, SDT_HV, DiaChi_HV, Email_HV, ChucVu, active) VALUES (N'HV02', N'Selene Cartwright', '0504923672', N'1923 Hidden Sharp Hill Highway, MidAmerican Building, Saint Paul, MN, 03039', N'Adler@example.com', N'Intern', 0)
GO

--
-- Inserting data into table dbo.MonHoc
--
SET IDENTITY_INSERT dbo.MonHoc ON
GO
INSERT dbo.MonHoc(MaMH, TenMH, MoTa, MucTieu, active) VALUES (1, N' Using WPF ', N'Quibusdam eos reprehenderit quam est. Ut ex est nihil quisquam?', N'Perspiciatis quam ut voluptatem sint. Ut iste est. Soluta fugiat obcaecati...', 0)
INSERT dbo.MonHoc(MaMH, TenMH, MoTa, MucTieu, active) VALUES (2, N' Using basic SQL ', N'Doloremque repudiandae accusantium minima sint. Aperiam eos! Assumenda.', N'Libero quia. Quia consectetur quaerat numquam ut. Recusandae doloremque! Quia.', 1)
INSERT dbo.MonHoc(MaMH, TenMH, MoTa, MucTieu, active) VALUES (3, N'C# Advance', N'Optio quisquam. Eos sit inventore! Impedit dolores quas quae officia?', N'Magni aliquid perferendis perspiciatis omnis; maiores ut. Vero iusto.', 1)
INSERT dbo.MonHoc(MaMH, TenMH, MoTa, MucTieu, active) VALUES (4, N' Windows tutorials ', N'Sunt itaque et. Veniam rerum. Voluptas porro. Et unde. Sed nemo.', N'Laudantium dolore amet quia. Ipsam ducimus ex dolorem nihil.', 1)
INSERT dbo.MonHoc(MaMH, TenMH, MoTa, MucTieu, active) VALUES (5, N' HTML tutorial ', N'Voluptatem et quis numquam. Blanditiis voluptas? Cupiditate doloremque odit.', N'Modi sunt. Nemo quis qui; natus aut cum sit; quasi repudiandae.', 1)
INSERT dbo.MonHoc(MaMH, TenMH, MoTa, MucTieu, active) VALUES (6, N' SQL Advance ', N'Nihil dolorum et. Quod minima eveniet. Ut sed omnis corporis eos. Sunt.', N'Provident reprehenderit iure. Deleniti adipisci libero temporibus. In sint.', 1)
INSERT dbo.MonHoc(MaMH, TenMH, MoTa, MucTieu, active) VALUES (7, N' Front End Tutorial ', N'Modi molestiae fugit itaque. Quo voluptatem dignissimos. Velit non.', N'At et ut possimus non.', 1)
INSERT dbo.MonHoc(MaMH, TenMH, MoTa, MucTieu, active) VALUES (8, N' Java Tutorial', N'Nulla unde dicta repudiandae ab.', N'Quisquam nobis ratione. Omnis iste consequatur doloremque? Et tempore fuga.', 1)
INSERT dbo.MonHoc(MaMH, TenMH, MoTa, MucTieu, active) VALUES (9, N' ASP.NET MVC ', N'Quaerat fuga quae. Voluptates dolorum ipsa atque voluptatem.', N'In dolor deserunt culpa. Iste nemo voluptates delectus qui. Voluptatibus.', 1)
INSERT dbo.MonHoc(MaMH, TenMH, MoTa, MucTieu, active) VALUES (10, N'.NET
Tutorial', N'Voluptas assumenda nam rem ipsam. Ad adipisci eligendi reiciendis tenetur.', N'Dolore ea soluta quisquam sed. Consectetur obcaecati inventore voluptatem.', 0)
INSERT dbo.MonHoc(MaMH, TenMH, MoTa, MucTieu, active) VALUES (11, N'.NET Advance', N'Est perspiciatis. Mollitia ut aliquam sit eius! Est et asperiores laboriosam.', N'Totam beatae deserunt dolores assumenda.', 1)
INSERT dbo.MonHoc(MaMH, TenMH, MoTa, MucTieu, active) VALUES (12, N'Python Tutorial', N'Laborum iste voluptas est vitae.', N'Assumenda quae. Enim et ut omnis maxime! Est enim. Quos sit! Aut enim.', 1)
INSERT dbo.MonHoc(MaMH, TenMH, MoTa, MucTieu, active) VALUES (13, N' Microsoft Exel Tutorrial', N'Consequatur qui. Sit ab maxime eum aliquid? Unde voluptatem! Est sed. Enim.', N'Exercitationem fugit sint quo enim. Et omnis. Doloribus eius! Voluptatem.', 1)
INSERT dbo.MonHoc(MaMH, TenMH, MoTa, MucTieu, active) VALUES (14, N' Javascript Tutorial ', N'Exercitationem explicabo nam velit nesciunt.', N'Aut error a. Aut quae. Sit eos. Amet consequatur! Et voluptatum.', 1)
INSERT dbo.MonHoc(MaMH, TenMH, MoTa, MucTieu, active) VALUES (15, N'C# Tutorial', N'Aut deserunt voluptas deleniti delectus. Sapiente sunt! Dicta ullam. Unde.', N'Quae eius. Inventore qui. Eum voluptatibus sed reiciendis qui...', 0)
INSERT dbo.MonHoc(MaMH, TenMH, MoTa, MucTieu, active) VALUES (16, N'Python Advance', N'Soluta nobis possimus exercitationem dolor.', N'Ut voluptatem maiores expedita dignissimos.', 1)
INSERT dbo.MonHoc(MaMH, TenMH, MoTa, MucTieu, active) VALUES (17, N' Android Tutorial', N'Porro omnis aut. Et magni in temporibus ipsa!', N'Nobis qui assumenda magnam. Ab fuga. Mollitia enim! Odit dicta?', 1)
INSERT dbo.MonHoc(MaMH, TenMH, MoTa, MucTieu, active) VALUES (18, N' Javascript Advance ', N'Unde rem sit. Perspiciatis perferendis explicabo. Omnis officiis provident.', N'Assumenda est error atque. Deleniti nobis quod ea et.', 1)
INSERT dbo.MonHoc(MaMH, TenMH, MoTa, MucTieu, active) VALUES (19, N'Data analytics with Python', N'Esse eos. Est culpa. Maxime exercitationem voluptas reiciendis velit.', NULL, 0)
GO
SET IDENTITY_INSERT dbo.MonHoc OFF
GO

--
-- Inserting data into table dbo.NguoiHuongDan
--
INSERT dbo.NguoiHuongDan(MaNHD, TenNHD, ChucVu, SDT_NHD, DiaChi_NHD, Email_NHD, active) VALUES (N'NHD26', N'Alana Willett', N'Tester', '0761686529', N'3476 Old Front Lane, Penobscot Bldg, Annapolis, Maryland, 76341', 'Jerold_Overstreet872@example.com', 1)
INSERT dbo.NguoiHuongDan(MaNHD, TenNHD, ChucVu, SDT_NHD, DiaChi_NHD, Email_NHD, active) VALUES (N'NHD77', N'Carlee Kauffman', N'Senior engineer', '0691310584', N'624 Rose Hill Ct, Standard Bldg, Charleston, WV, 64580', 'ArndtY74@nowhere.com', 0)
INSERT dbo.NguoiHuongDan(MaNHD, TenNHD, ChucVu, SDT_NHD, DiaChi_NHD, Email_NHD, active) VALUES (N'NHD74', N'Lizabeth Kang', N'Tester', '0478633734', N'66 West Town Blvd, Victor Executive Building, Denver, Colorado, 74757', 'Abney3@nowhere.com', 0)
INSERT dbo.NguoiHuongDan(MaNHD, TenNHD, ChucVu, SDT_NHD, DiaChi_NHD, Email_NHD, active) VALUES (N'NHD98', N'Adriene Booth', N'Tester', '0383188513', N'1091 Chapel Hill Lane, Penobscot Bldg, Montgomery, Alabama, 46515', 'CharissaJSchmid55@example.com', 0)
INSERT dbo.NguoiHuongDan(MaNHD, TenNHD, ChucVu, SDT_NHD, DiaChi_NHD, Email_NHD, active) VALUES (N'NHD58', N'Joaquin Burt', N'Senior engineer', '0649638027', N'3367 Deepwood Court, 8th Floor, Charleston, West Virginia, 25267', 'zhmjzjpe.wssz@nowhere.com', 0)
INSERT dbo.NguoiHuongDan(MaNHD, TenNHD, ChucVu, SDT_NHD, DiaChi_NHD, Email_NHD, active) VALUES (N'NHD83', N'Tod Cosby', N'Junior engineer', '0214354140', N'1996 SE Cedar Tree Blvd, Little Rock, Arkansas, 24716', 'Velasquez2@nowhere.com', 0)
INSERT dbo.NguoiHuongDan(MaNHD, TenNHD, ChucVu, SDT_NHD, DiaChi_NHD, Email_NHD, active) VALUES (N'NHD23', N'Yahaira Newkirk', N'Tester', '0744594942', N'2017 Rock Hill Drive, Victor Executive Building, Harrisburg, Pennsylvania, 80288', 'Cushman@nowhere.com', 1)
INSERT dbo.NguoiHuongDan(MaNHD, TenNHD, ChucVu, SDT_NHD, DiaChi_NHD, Email_NHD, active) VALUES (N'NHD06', N'Latoya Manning', N'Tester', '0934908343', N'3156 Bayview Street, 257 Towers Building, Nashville, Tennessee, 30561', 'Schneider@example.com', 1)
INSERT dbo.NguoiHuongDan(MaNHD, TenNHD, ChucVu, SDT_NHD, DiaChi_NHD, Email_NHD, active) VALUES (N'NHD25', N'Hosea Neill', N'Junior engineer', '0638179582', N'3140 Cedar Tree Highway, Providence, Rhode Island, 12060', 'cqkx89@nowhere.com', 0)
INSERT dbo.NguoiHuongDan(MaNHD, TenNHD, ChucVu, SDT_NHD, DiaChi_NHD, Email_NHD, active) VALUES (N'NHD35', N'Bert Reaves', N'Tester', '0247186770', N'274 New Rushwood Hwy, Suite 24, Jefferson City, MO, 11599', 'King@example.com', 1)
INSERT dbo.NguoiHuongDan(MaNHD, TenNHD, ChucVu, SDT_NHD, DiaChi_NHD, Email_NHD, active) VALUES (N'NHD63', N'Adelaida Abreu', N'Tester', '0728966818', N'33 SE Rockwood Loop, Columbus, OH, 07774', 'AmosTijerina48@example.com', 0)
INSERT dbo.NguoiHuongDan(MaNHD, TenNHD, ChucVu, SDT_NHD, DiaChi_NHD, Email_NHD, active) VALUES (N'NHD80', N'Abraham Richardson', N'Tester', '0055176216', N'532 Ski Hill Street, Standard Bldg, Columbia, SC, 49949', 'Martino@example.com', 1)
INSERT dbo.NguoiHuongDan(MaNHD, TenNHD, ChucVu, SDT_NHD, DiaChi_NHD, Email_NHD, active) VALUES (N'NHD32', N'Warner Mathews', N'Senior engineer', '0529758994', N'202 Bayview Highway, Appartment 567, Austin, Texas, 46060', 'Abbott@example.com', 1)
INSERT dbo.NguoiHuongDan(MaNHD, TenNHD, ChucVu, SDT_NHD, DiaChi_NHD, Email_NHD, active) VALUES (N'NHD37', N'Kristine Harder', N'Senior engineer', '0048559926', N'2575 East Edgewood Way, Appartment 49, Indianapolis, IN, 47223', 'BradleyX.Short89@example.com', 0)
INSERT dbo.NguoiHuongDan(MaNHD, TenNHD, ChucVu, SDT_NHD, DiaChi_NHD, Email_NHD, active) VALUES (N'NHD27', N'Jerrell Gates', N'Tester', '0749289040', N'2132 Red Rock Hill Hwy, Columbus, OH, 87313', 'ksvr43@example.com', 0)
INSERT dbo.NguoiHuongDan(MaNHD, TenNHD, ChucVu, SDT_NHD, DiaChi_NHD, Email_NHD, active) VALUES (N'NHD56', N'Carey Abrams', N'Tester', '0213984454', N'448 W Church Highway, Carson City, Nevada, 79273', 'rsvme0@example.com', 0)
INSERT dbo.NguoiHuongDan(MaNHD, TenNHD, ChucVu, SDT_NHD, DiaChi_NHD, Email_NHD, active) VALUES (N'NHD50', N'Keven Bauman', N'Tester', '0514557428', N'2700 W Pine Tree Lane, APT 464, Annapolis, Maryland, 05567', 'RaisaBooker@example.com', 0)
INSERT dbo.NguoiHuongDan(MaNHD, TenNHD, ChucVu, SDT_NHD, DiaChi_NHD, Email_NHD, active) VALUES (N'NHD33', N'Winston Negron', N'Tester', '0662660557', N'3349 Deepwood Rd, Hartford, CT, 39730', 'ShakitaBlackmon@example.com', 0)
INSERT dbo.NguoiHuongDan(MaNHD, TenNHD, ChucVu, SDT_NHD, DiaChi_NHD, Email_NHD, active) VALUES (N'NHD82', N'Maria Casillas', N'Junior engineer', '0840254985', N'60 West Hunting Hill Drive, Diamond Bldg, Honolulu, HI, 76269', 'Guzman698@example.com', 1)
INSERT dbo.NguoiHuongDan(MaNHD, TenNHD, ChucVu, SDT_NHD, DiaChi_NHD, Email_NHD, active) VALUES (N'NHD01', N'Johnathan Meeks', N'Junior engineer', '0920869094', N'3712 Brentwood Blvd, Phoenix, AZ, 27481', 'CyrilCrawford372@example.com', 0)
INSERT dbo.NguoiHuongDan(MaNHD, TenNHD, ChucVu, SDT_NHD, DiaChi_NHD, Email_NHD, active) VALUES (N'NHD12', N'Hunter Abreu', N'Junior engineer', '0041921727', N'1628 West Ski Hill St, Boston, Massachusetts, 28889', 'obzfhvfe.dkgluf@example.com', 0)
INSERT dbo.NguoiHuongDan(MaNHD, TenNHD, ChucVu, SDT_NHD, DiaChi_NHD, Email_NHD, active) VALUES (N'NHD86', N'Verlene Frazier', N'Tester', '0466669895', N'1211 Flintwood Highway, Harrisburg, Pennsylvania, 79357', 'JacquelyneCheek789@example.com', 1)
INSERT dbo.NguoiHuongDan(MaNHD, TenNHD, ChucVu, SDT_NHD, DiaChi_NHD, Email_NHD, active) VALUES (N'NHD67', N'Alene Bullock', N'Tester', '0475467140', N'67 E Burwood Pkwy, Salt Lake City, UT, 20608', 'Abbott@example.com', 1)
INSERT dbo.NguoiHuongDan(MaNHD, TenNHD, ChucVu, SDT_NHD, DiaChi_NHD, Email_NHD, active) VALUES (N'NHD19', N'Clarence Mast', NULL, '0330733039', N'2524 Woodcock Blvd, Annapolis, Maryland, 10181', 'MargaritoUAugust@nowhere.com', 0)
INSERT dbo.NguoiHuongDan(MaNHD, TenNHD, ChucVu, SDT_NHD, DiaChi_NHD, Email_NHD, active) VALUES (N'NHD22', N'Trinidad Coon', N'Junior engineer', '0581397885', N'1481 Chapel Hill Lane, Oklahoma City, Oklahoma, 52733', 'Chaya_O.Abel751@nowhere.com', 1)
INSERT dbo.NguoiHuongDan(MaNHD, TenNHD, ChucVu, SDT_NHD, DiaChi_NHD, Email_NHD, active) VALUES (N'NHD60', N'Tova Conway', N'Senior engineer', NULL, N'3855 3rd Blvd, Annapolis, MD, 16276', 'Nanette_Marble@example.com', 0)
INSERT dbo.NguoiHuongDan(MaNHD, TenNHD, ChucVu, SDT_NHD, DiaChi_NHD, Email_NHD, active) VALUES (N'NHD78', N'Simon Jacobs', N'Junior engineer', '0937641188', N'81 Farmview Dr, STE 947, Bismarck, ND, 25078', 'ValarieRuby@nowhere.com', 0)
INSERT dbo.NguoiHuongDan(MaNHD, TenNHD, ChucVu, SDT_NHD, DiaChi_NHD, Email_NHD, active) VALUES (N'NHD11', N'Abel Caudill', N'Junior engineer', NULL, N'444 North Buttonwood Lane, Cheyenne, Wyoming, 49924', 'Leigh_Saucedo429@example.com', 1)
INSERT dbo.NguoiHuongDan(MaNHD, TenNHD, ChucVu, SDT_NHD, DiaChi_NHD, Email_NHD, active) VALUES (N'NHD81', N'Adelle Leyva', N'Junior engineer', '0899705599', N'1780 NW Prospect Hill Road, 93th FL, Honolulu, Hawaii, 36772', 'Henry18@example.com', 1)
INSERT dbo.NguoiHuongDan(MaNHD, TenNHD, ChucVu, SDT_NHD, DiaChi_NHD, Email_NHD, active) VALUES (N'NHD70', N'Constance Perry', NULL, '0162851348', N'2167 W Fox Hill Pkwy, Lansing, MI, 73825', 'ChantelleAcevedo82@example.com', 1)
INSERT dbo.NguoiHuongDan(MaNHD, TenNHD, ChucVu, SDT_NHD, DiaChi_NHD, Email_NHD, active) VALUES (N'NHD30', N'Erich Foster', N'Senior engineer', '0720384154', N'2663 North Pine Tree Ct, Little Rock, Arkansas, 61028', 'AdrianYanez291@example.com', 1)
INSERT dbo.NguoiHuongDan(MaNHD, TenNHD, ChucVu, SDT_NHD, DiaChi_NHD, Email_NHD, active) VALUES (N'NHD24', N'Kyra Woodworth', N'Tester', '0510942679', N'856 White Riverside Hwy, 3rd FL, Dover, DE, 18350', 'Christinia.Pritchard9@nowhere.com', 1)
INSERT dbo.NguoiHuongDan(MaNHD, TenNHD, ChucVu, SDT_NHD, DiaChi_NHD, Email_NHD, active) VALUES (N'NHD68', N'June Ali', N'Tester', '0867896357', N'151 SW Glenwood Way, Juneau, Alaska, 27758', 'Marvel.Knott3@nowhere.com', 0)
INSERT dbo.NguoiHuongDan(MaNHD, TenNHD, ChucVu, SDT_NHD, DiaChi_NHD, Email_NHD, active) VALUES (N'NHD88', N'Yolanda Fitzpatrick', N'Tester', '0976002892', N'1849 South Burwood Ave, Charleston, West Virginia, 15847', 'Fitzgerald@example.com', 1)
INSERT dbo.NguoiHuongDan(MaNHD, TenNHD, ChucVu, SDT_NHD, DiaChi_NHD, Email_NHD, active) VALUES (N'NHD00', N'Richie Crutchfield', N'Senior engineer', '0461006109', N'83 White Burwood Dr, 257 Towers Bldg, Olympia, WA, 01019', 'NathanaelAntoine@example.com', 0)
INSERT dbo.NguoiHuongDan(MaNHD, TenNHD, ChucVu, SDT_NHD, DiaChi_NHD, Email_NHD, active) VALUES (N'NHD36', N'Abe Ackerman', N'Tester', '0671841859', N'104 Old Riddle Hill Highway, Guardian Bldg, Dover, Delaware, 70005', 'KristopherAbel@example.com', 1)
INSERT dbo.NguoiHuongDan(MaNHD, TenNHD, ChucVu, SDT_NHD, DiaChi_NHD, Email_NHD, active) VALUES (N'NHD43', N'Adela Bernal', N'Senior engineer', '0130089905', N'2350 SW Glenwood Drive, Comcast Building, Boston, MA, 03265', 'ymtk6233@example.com', 0)
INSERT dbo.NguoiHuongDan(MaNHD, TenNHD, ChucVu, SDT_NHD, DiaChi_NHD, Email_NHD, active) VALUES (N'NHD14', N'Ilene Watkins', N'Senior engineer', '0922317606', N'1385 Hidden Oak Street, Macy''s Bldg, Montgomery, Alabama, 10223', 'Herrmann@example.com', 0)
INSERT dbo.NguoiHuongDan(MaNHD, TenNHD, ChucVu, SDT_NHD, DiaChi_NHD, Email_NHD, active) VALUES (N'NHD66', N'Bernard Jenkins', N'Senior engineer', '0011013510', N'3116 Red Riverside Circle, Albany, New York, 69920', 'CarrollWhelan@example.com', 0)
INSERT dbo.NguoiHuongDan(MaNHD, TenNHD, ChucVu, SDT_NHD, DiaChi_NHD, Email_NHD, active) VALUES (N'NHD45', N'Travis Aguilar', N'Tester', '0858457357', N'1785 Red Brentwood Lane, Augusta, Maine, 76396', 'Vanesa_Chism314@nowhere.com', 0)
INSERT dbo.NguoiHuongDan(MaNHD, TenNHD, ChucVu, SDT_NHD, DiaChi_NHD, Email_NHD, active) VALUES (N'NHD97', N'Lelia Lafleur', N'Junior engineer', '0488320707', N'76 North Farmview Parkway, Nipper Building, Springfield, Illinois, 87400', 'Tobin55@nowhere.com', 1)
INSERT dbo.NguoiHuongDan(MaNHD, TenNHD, ChucVu, SDT_NHD, DiaChi_NHD, Email_NHD, active) VALUES (N'NHD02', N'Samella Lyon', N'Tester', '0069142946', N'1700 White Sharp Hill Parkway, Superior Bldg, Jackson, Mississippi, 06008', 'PenaO93@example.com', 0)
INSERT dbo.NguoiHuongDan(MaNHD, TenNHD, ChucVu, SDT_NHD, DiaChi_NHD, Email_NHD, active) VALUES (N'NHD62', N'Celsa Culp', N'Senior engineer', '0112021151', N'680 Burwood Way, Little Rock, AR, 58849', 'Abbott392@example.com', 1)
INSERT dbo.NguoiHuongDan(MaNHD, TenNHD, ChucVu, SDT_NHD, DiaChi_NHD, Email_NHD, active) VALUES (N'NHD39', N'Dean Webster', N'Senior engineer', '0251287226', N'92 1st Avenue, Springfield, Illinois, 41778', 'Gifford7@example.com', 0)
INSERT dbo.NguoiHuongDan(MaNHD, TenNHD, ChucVu, SDT_NHD, DiaChi_NHD, Email_NHD, active) VALUES (N'NHD55', N'Quinn Toro', N'Junior engineer', '0069900289', N'3040 42th Street, Boston, MA, 46268', 'Christian8@example.com', 1)
INSERT dbo.NguoiHuongDan(MaNHD, TenNHD, ChucVu, SDT_NHD, DiaChi_NHD, Email_NHD, active) VALUES (N'NHD76', N'Consuela Akins', N'Senior engineer', NULL, N'38 North Riddle Hill Road, Albany, NY, 44192', 'IlanaAdkins@example.com', 1)
INSERT dbo.NguoiHuongDan(MaNHD, TenNHD, ChucVu, SDT_NHD, DiaChi_NHD, Email_NHD, active) VALUES (N'NHD42', N'Adaline Ahrens', N'Junior engineer', '0136695614', N'3314 White Chapel Hill Ct, Providence, RI, 50107', 'Burchett439@example.com', 1)
INSERT dbo.NguoiHuongDan(MaNHD, TenNHD, ChucVu, SDT_NHD, DiaChi_NHD, Email_NHD, active) VALUES (N'NHD84', N'Mana Manzo', NULL, '0759248787', N'74 E Rock Hill Hwy, 7th Floor, Providence, RI, 27642', 'LaticiaEStarkey@nowhere.com', 0)
INSERT dbo.NguoiHuongDan(MaNHD, TenNHD, ChucVu, SDT_NHD, DiaChi_NHD, Email_NHD, active) VALUES (N'NHD46', N'Avis Abel', N'Senior engineer', '0689805939', N'3819 East Beachwood Parkway, 3rd FL, Augusta, ME, 84672', 'Chung_B_Milner@example.com', 0)
INSERT dbo.NguoiHuongDan(MaNHD, TenNHD, ChucVu, SDT_NHD, DiaChi_NHD, Email_NHD, active) VALUES (N'NHD87', N'Dinah Mendoza', N'Junior engineer', '0611220180', N'1868 Meadowview St, 42th FL, Trenton, NJ, 38738', 'Tracey_Bunch429@example.com', 1)
INSERT dbo.NguoiHuongDan(MaNHD, TenNHD, ChucVu, SDT_NHD, DiaChi_NHD, Email_NHD, active) VALUES (N'NHD44', N'Alfonzo Peeples', N'Junior engineer', '0184849988', N'199 South Burwood Cir, 91th Floor, Juneau, Alaska, 34917', 'rnshakod.neryapdzme@example.com', 1)
INSERT dbo.NguoiHuongDan(MaNHD, TenNHD, ChucVu, SDT_NHD, DiaChi_NHD, Email_NHD, active) VALUES (N'NHD75', N'Luella Champagne', N'Junior engineer', '0597288332', N'2156 East Flintwood Ln, Jefferson City, Missouri, 70005', 'Townes@nowhere.com', 1)
INSERT dbo.NguoiHuongDan(MaNHD, TenNHD, ChucVu, SDT_NHD, DiaChi_NHD, Email_NHD, active) VALUES (N'NHD49', N'Deeann Joe', N'Senior engineer', NULL, N'781 Parkwood Highway, Phoenix, AZ, 08380', 'Allred522@example.com', 0)
INSERT dbo.NguoiHuongDan(MaNHD, TenNHD, ChucVu, SDT_NHD, DiaChi_NHD, Email_NHD, active) VALUES (N'NHD13', N'Abbie Peachey', N'Tester', '0792240856', N'479 Hidden Rockwood Circle, Dover, Delaware, 40921', 'oyspl662@example.com', 1)
INSERT dbo.NguoiHuongDan(MaNHD, TenNHD, ChucVu, SDT_NHD, DiaChi_NHD, Email_NHD, active) VALUES (N'NHD94', N'Quintin Mauldin', N'Tester', '0296942377', N'150 3rd Highway, STE 6405, Atlanta, GA, 78471', 'Abernathy@nowhere.com', 0)
INSERT dbo.NguoiHuongDan(MaNHD, TenNHD, ChucVu, SDT_NHD, DiaChi_NHD, Email_NHD, active) VALUES (N'NHD08', N'Lucien Staples', N'Tester', '0140169305', N'2146 SW Ski Hill Loop, Annapolis, Maryland, 07796', 'KowalskiJ@example.com', 0)
INSERT dbo.NguoiHuongDan(MaNHD, TenNHD, ChucVu, SDT_NHD, DiaChi_NHD, Email_NHD, active) VALUES (N'NHD15', N'Thanh Briseno', N'Tester', '0018772433', N'144 S Church St, Richmond, Virginia, 42080', 'Scotty_Galbraith177@example.com', 0)
INSERT dbo.NguoiHuongDan(MaNHD, TenNHD, ChucVu, SDT_NHD, DiaChi_NHD, Email_NHD, active) VALUES (N'NHD65', N'Erik Valles', N'Junior engineer', '0653800822', N'672 North Ashwood Street, Superior Bldg, Jefferson City, MO, 30599', 'Abbott245@example.com', 0)
INSERT dbo.NguoiHuongDan(MaNHD, TenNHD, ChucVu, SDT_NHD, DiaChi_NHD, Email_NHD, active) VALUES (N'NHD73', N'Cheyenne Donaldson', N'Junior engineer', '0804112447', N'2331 Rock Hill Circle, Helena, Montana, 67424', 'CarolinaDang@example.com', 1)
INSERT dbo.NguoiHuongDan(MaNHD, TenNHD, ChucVu, SDT_NHD, DiaChi_NHD, Email_NHD, active) VALUES (N'NHD09', N'Jena Barker', N'Senior engineer', '0817400446', N'3850 Red Oak Ct, Indianapolis, IN, 84683', 'Adam_VCalabrese@example.com', 0)
INSERT dbo.NguoiHuongDan(MaNHD, TenNHD, ChucVu, SDT_NHD, DiaChi_NHD, Email_NHD, active) VALUES (N'NHD38', N'Jessie Shay', N'Junior engineer', '0962625246', N'667 Highland St, Lansing, MI, 61039', 'Alida.Christy177@example.com', 0)
INSERT dbo.NguoiHuongDan(MaNHD, TenNHD, ChucVu, SDT_NHD, DiaChi_NHD, Email_NHD, active) VALUES (N'NHD03', N'Marcell Wenzel', N'Junior engineer', '0507139458', N'1161 SW Sharp Hill Parkway, Oklahoma City, Oklahoma, 93454', 'Vega@example.com', 0)
INSERT dbo.NguoiHuongDan(MaNHD, TenNHD, ChucVu, SDT_NHD, DiaChi_NHD, Email_NHD, active) VALUES (N'NHD69', N'Sana Moreland', NULL, '0715667745', N'313 Chapel Hill Hwy, Diamond Bldg, Raleigh, North Carolina, 07363', 'Schmid@nowhere.com', 1)
INSERT dbo.NguoiHuongDan(MaNHD, TenNHD, ChucVu, SDT_NHD, DiaChi_NHD, Email_NHD, active) VALUES (N'NHD41', N'Andy Merritt', NULL, '0175314709', N'1509 Church Avenue, Dover, DE, 94737', 'Eric.Pierson@example.com', 1)
INSERT dbo.NguoiHuongDan(MaNHD, TenNHD, ChucVu, SDT_NHD, DiaChi_NHD, Email_NHD, active) VALUES (N'NHD91', N'Rubi Watt', N'Junior engineer', NULL, N'454 North Riverview Street, Fisher Building, Olympia, WA, 19049', 'LatriceBeasley@nowhere.com', 1)
INSERT dbo.NguoiHuongDan(MaNHD, TenNHD, ChucVu, SDT_NHD, DiaChi_NHD, Email_NHD, active) VALUES (N'NHD51', N'Melina Acker', N'Senior engineer', '0108904134', N'31 Old Town Lane, Macy''s Building, Harrisburg, PA, 83218', 'Edward.Dale@example.com', 1)
INSERT dbo.NguoiHuongDan(MaNHD, TenNHD, ChucVu, SDT_NHD, DiaChi_NHD, Email_NHD, active) VALUES (N'NHD21', N'Emerson Buchanan', N'Junior engineer', '0059052650', N'987 Old Prospect Hill Highway, Jackson, Mississippi, 55942', 'Jamey_FChapin441@example.com', 1)
INSERT dbo.NguoiHuongDan(MaNHD, TenNHD, ChucVu, SDT_NHD, DiaChi_NHD, Email_NHD, active) VALUES (N'NHD71', N'Dayna Deal', N'Tester', '0082810086', N'330 North Deepwood Way, Austin, TX, 41052', 'Hollis.D_Broadway@example.com', 0)
INSERT dbo.NguoiHuongDan(MaNHD, TenNHD, ChucVu, SDT_NHD, DiaChi_NHD, Email_NHD, active) VALUES (N'NHD07', N'Leandro Cleary', N'Junior engineer', '0954307375', N'2863 SW Woodfort Court, Suite 82, Concord, New Hampshire, 46894', 'Whitfield@example.com', 1)
INSERT dbo.NguoiHuongDan(MaNHD, TenNHD, ChucVu, SDT_NHD, DiaChi_NHD, Email_NHD, active) VALUES (N'NHD72', N'Ricarda Bonner', N'Tester', '0917861043', N'1954 South Chapel Hill Cir, APT 8, Salt Lake City, Utah, 93643', 'Babara.Day@example.com', 1)
INSERT dbo.NguoiHuongDan(MaNHD, TenNHD, ChucVu, SDT_NHD, DiaChi_NHD, Email_NHD, active) VALUES (N'NHD95', N'Abbie Abbott', N'Junior engineer', '0891245957', N'3783 Rockwood Ct, Hartford, Connecticut, 68632', 'Michel_Alley@example.com', 1)
INSERT dbo.NguoiHuongDan(MaNHD, TenNHD, ChucVu, SDT_NHD, DiaChi_NHD, Email_NHD, active) VALUES (N'NHD61', N'Agnus Beals', N'Junior engineer', NULL, N'941 Ironwood St, Appartment 913, Dover, DE, 61759', 'Wade@example.com', 0)
INSERT dbo.NguoiHuongDan(MaNHD, TenNHD, ChucVu, SDT_NHD, DiaChi_NHD, Email_NHD, active) VALUES (N'NHD52', N'Rebbeca Albert', N'Senior engineer', '0614549418', N'3335 NW Mount Dr, Albany, NY, 33590', 'ArlenWGiroux2@example.com', 0)
INSERT dbo.NguoiHuongDan(MaNHD, TenNHD, ChucVu, SDT_NHD, DiaChi_NHD, Email_NHD, active) VALUES (N'NHD89', N'Emery Oconnell', N'Junior engineer', '0588976546', N'289 Rushwood Lane, Denver, Colorado, 75960', 'ScottieBolt2@nowhere.com', 1)
INSERT dbo.NguoiHuongDan(MaNHD, TenNHD, ChucVu, SDT_NHD, DiaChi_NHD, Email_NHD, active) VALUES (N'NHD64', N'Maryellen Ladner', N'Tester', '0675673424', N'19 West Edgewood Parkway, Victor Executive Bldg, Denver, Colorado, 03883', 'Salgado642@example.com', 1)
INSERT dbo.NguoiHuongDan(MaNHD, TenNHD, ChucVu, SDT_NHD, DiaChi_NHD, Email_NHD, active) VALUES (N'NHD47', N'Lloyd Embry', N'Tester', '0165108199', N'52 White Stonewood Ln, Jefferson City, Missouri, 87778', 'Colvin@nowhere.com', 1)
INSERT dbo.NguoiHuongDan(MaNHD, TenNHD, ChucVu, SDT_NHD, DiaChi_NHD, Email_NHD, active) VALUES (N'NHD18', N'Armando Lassiter', N'Junior engineer', '0655806580', N'115 Front Blvd, Phoenix, AZ, 69498', 'Neill3@example.com', 1)
INSERT dbo.NguoiHuongDan(MaNHD, TenNHD, ChucVu, SDT_NHD, DiaChi_NHD, Email_NHD, active) VALUES (N'NHD79', N'Isabell Leblanc', N'Junior engineer', '0443891775', N'146 SW Town Dr, Harrisburg, Pennsylvania, 98558', 'StevieP.Barkley311@nowhere.com', 0)
INSERT dbo.NguoiHuongDan(MaNHD, TenNHD, ChucVu, SDT_NHD, DiaChi_NHD, Email_NHD, active) VALUES (N'NHD16', N'Kristopher Matos', N'Junior engineer', '0720081278', N'544 1st Hwy, Carson City, NV, 41997', 'ElvisJAbraham@example.com', 0)
INSERT dbo.NguoiHuongDan(MaNHD, TenNHD, ChucVu, SDT_NHD, DiaChi_NHD, Email_NHD, active) VALUES (N'NHD59', N'Zenaida Godwin', N'Junior engineer', '0522780544', N'42 New Highland Ct, Columbia, South Carolina, 50585', 'ikqvhpcr7391@example.com', 0)
INSERT dbo.NguoiHuongDan(MaNHD, TenNHD, ChucVu, SDT_NHD, DiaChi_NHD, Email_NHD, active) VALUES (N'NHD31', N'Charles Boles', N'Junior engineer', '0664005698', N'546 W Ironwood Street, Keith Bldg, Boston, MA, 54264', 'iatwfud7102@nowhere.com', 1)
INSERT dbo.NguoiHuongDan(MaNHD, TenNHD, ChucVu, SDT_NHD, DiaChi_NHD, Email_NHD, active) VALUES (N'NHD10', N'Katharine Halsey', N'Senior engineer', '0205636701', N'15 Rushwood Circle, APT 22, Madison, Wisconsin, 67235', 'Warfield@nowhere.com', 1)
INSERT dbo.NguoiHuongDan(MaNHD, TenNHD, ChucVu, SDT_NHD, DiaChi_NHD, Email_NHD, active) VALUES (N'NHD53', N'Mayme Pulliam', N'Senior engineer', '0940162780', N'2820 Hidden Mount Street, Bartlett Bldg, Lansing, MI, 79424', 'Scales@example.com', 0)
INSERT dbo.NguoiHuongDan(MaNHD, TenNHD, ChucVu, SDT_NHD, DiaChi_NHD, Email_NHD, active) VALUES (N'NHD20', N'Jonathan Beckwith', N'Tester', '0509647514', N'234 Quailwood Ct, 2nd Floor, Albany, New York, 85658', 'Giles@example.com', 1)
INSERT dbo.NguoiHuongDan(MaNHD, TenNHD, ChucVu, SDT_NHD, DiaChi_NHD, Email_NHD, active) VALUES (N'NHD04', N'Remedios Horn', N'Senior engineer', NULL, N'3925 Ironwood Cir, 2nd Floor, Austin, Texas, 73187', 'Lebron@example.com', 1)
INSERT dbo.NguoiHuongDan(MaNHD, TenNHD, ChucVu, SDT_NHD, DiaChi_NHD, Email_NHD, active) VALUES (N'NHD57', N'Jarvis Adkins', N'Junior engineer', '0941870299', N'215 Highland Ct, Juneau, AK, 01097', 'Sorenson58@example.com', 1)
INSERT dbo.NguoiHuongDan(MaNHD, TenNHD, ChucVu, SDT_NHD, DiaChi_NHD, Email_NHD, active) VALUES (N'NHD05', N'Melda Breeden', N'Tester', NULL, N'1818 West Riddle Hill Cir, MidAmerican Bldg, Frankfort, Kentucky, 39660', 'Kenny.Snell@example.com', 1)
INSERT dbo.NguoiHuongDan(MaNHD, TenNHD, ChucVu, SDT_NHD, DiaChi_NHD, Email_NHD, active) VALUES (N'NHD48', N'Jorge Burton', N'Tester', '0348321196', N'1849 NW Riddle Hill Loop, Tallahassee, FL, 41005', 'IrelandL@nowhere.com', 0)
INSERT dbo.NguoiHuongDan(MaNHD, TenNHD, ChucVu, SDT_NHD, DiaChi_NHD, Email_NHD, active) VALUES (N'NHD92', N'Avery Sander', N'Senior engineer', '0366478571', N'61 East Quailwood Street, Equitable Building, Denver, Colorado, 40111', 'TakishaKee617@example.com', 1)
INSERT dbo.NguoiHuongDan(MaNHD, TenNHD, ChucVu, SDT_NHD, DiaChi_NHD, Email_NHD, active) VALUES (N'NHD96', N'Arron Abreu', N'Junior engineer', '0702185837', N'58 Sharp Hill Court, Lansing, MI, 21915', 'Venegas786@nowhere.com', 0)
INSERT dbo.NguoiHuongDan(MaNHD, TenNHD, ChucVu, SDT_NHD, DiaChi_NHD, Email_NHD, active) VALUES (N'NHD93', N'Chong Bradbury', N'Senior engineer', '0630449824', N'80 84th Lane, Indianapolis, Indiana, 82692', 'Ahern@example.com', 0)
INSERT dbo.NguoiHuongDan(MaNHD, TenNHD, ChucVu, SDT_NHD, DiaChi_NHD, Email_NHD, active) VALUES (N'NHD29', N'Brenna Burdick', N'Tester', '0424404099', N'3395 New Social Court, Comcast Bldg, Madison, WI, 05365', 'Razo159@nowhere.com', 0)
INSERT dbo.NguoiHuongDan(MaNHD, TenNHD, ChucVu, SDT_NHD, DiaChi_NHD, Email_NHD, active) VALUES (N'NHD99', N'Kory Geer', N'Junior engineer', '0553161246', N'2831 Rose Hill Ave, APT 711, Providence, RI, 27818', 'Beckman@example.com', 1)
INSERT dbo.NguoiHuongDan(MaNHD, TenNHD, ChucVu, SDT_NHD, DiaChi_NHD, Email_NHD, active) VALUES (N'NHD40', N'Elane Artis', N'Tester', '0106820786', N'78 Hope Ln, Equitable Building, Hartford, CT, 31094', 'OttoHutto@nowhere.com', 0)
INSERT dbo.NguoiHuongDan(MaNHD, TenNHD, ChucVu, SDT_NHD, DiaChi_NHD, Email_NHD, active) VALUES (N'NHD34', N'Teena Sipes', N'Tester', '0712289619', N'2435 Chapel Hill Loop, Keith Bldg, Albany, NY, 37634', 'Cone@example.com', 1)
INSERT dbo.NguoiHuongDan(MaNHD, TenNHD, ChucVu, SDT_NHD, DiaChi_NHD, Email_NHD, active) VALUES (N'NHD85', N'Erin Kellogg', NULL, '0937677514', N'1761 Edgewood Highway, 257 Towers Building, Frankfort, Kentucky, 94800', 'Machelle.Beeler@example.com', 1)
GO

--
-- Inserting data into table dbo.KhoaHoc
--
SET IDENTITY_INSERT dbo.KhoaHoc ON
GO
INSERT dbo.KhoaHoc(MaKH, MaMH, MaNHD, CachDanhGia, NgayBatDau, NgayKetThuc, active) VALUES (1, 8, 'NHD39', N'Trắc nghiệm', '2022-06-22 12:17:56.590', '2022-07-22 07:16:01.050', 0)
INSERT dbo.KhoaHoc(MaKH, MaMH, MaNHD, CachDanhGia, NgayBatDau, NgayKetThuc, active) VALUES (2, 18, 'NHD24', N'Trắc nghiệm', '2022-10-25 05:34:51.320', '2022-11-04 14:06:50.776', 0)
INSERT dbo.KhoaHoc(MaKH, MaMH, MaNHD, CachDanhGia, NgayBatDau, NgayKetThuc, active) VALUES (3, 17, 'NHD88', N'Tự luận', '2022-09-08 12:16:37.500', '2022-09-18 20:23:59.430', 0)
INSERT dbo.KhoaHoc(MaKH, MaMH, MaNHD, CachDanhGia, NgayBatDau, NgayKetThuc, active) VALUES (4, 18, 'NHD00', N'Tự luận', '2022-10-19 23:34:26.010', '2022-11-13 19:57:24.284', 0)
INSERT dbo.KhoaHoc(MaKH, MaMH, MaNHD, CachDanhGia, NgayBatDau, NgayKetThuc, active) VALUES (5, 2, 'NHD47', N'Trắc nghiệm', '2022-06-17 12:52:53.020', '2022-07-06 08:07:43.688', 0)
INSERT dbo.KhoaHoc(MaKH, MaMH, MaNHD, CachDanhGia, NgayBatDau, NgayKetThuc, active) VALUES (6, 3, 'NHD97', N'Vấn đáp', '2022-07-08 21:53:10.290', '2022-07-12 12:19:08.524', 0)
INSERT dbo.KhoaHoc(MaKH, MaMH, MaNHD, CachDanhGia, NgayBatDau, NgayKetThuc, active) VALUES (7, 14, 'NHD53', N'Trắc nghiệm', '2022-11-22 20:34:23.090', '2022-11-26 15:23:29.320', 0)
INSERT dbo.KhoaHoc(MaKH, MaMH, MaNHD, CachDanhGia, NgayBatDau, NgayKetThuc, active) VALUES (8, 5, 'NHD07', N'Tự luận', '2022-11-10 20:27:51.280', '2022-11-11 07:41:12.491', 1)
INSERT dbo.KhoaHoc(MaKH, MaMH, MaNHD, CachDanhGia, NgayBatDau, NgayKetThuc, active) VALUES (9, 17, 'NHD84', N'Trắc nghiệm', '2022-06-18 09:10:23.520', '2022-06-25 12:36:08.708', 0)
INSERT dbo.KhoaHoc(MaKH, MaMH, MaNHD, CachDanhGia, NgayBatDau, NgayKetThuc, active) VALUES (10, 13, 'NHD13', N'Vấn đáp', '2022-07-02 01:11:44.150', '2022-07-04 18:40:15.332', 1)
INSERT dbo.KhoaHoc(MaKH, MaMH, MaNHD, CachDanhGia, NgayBatDau, NgayKetThuc, active) VALUES (11, 14, 'NHD68', N'Trắc nghiệm', '2022-04-09 08:46:36.110', '2022-04-10 10:57:19.162', 0)
INSERT dbo.KhoaHoc(MaKH, MaMH, MaNHD, CachDanhGia, NgayBatDau, NgayKetThuc, active) VALUES (12, 18, 'NHD44', N'Vấn đáp', '2022-11-13 12:22:35.930', '2022-11-18 00:54:46.870', 1)
INSERT dbo.KhoaHoc(MaKH, MaMH, MaNHD, CachDanhGia, NgayBatDau, NgayKetThuc, active) VALUES (13, 15, 'NHD70', N'Vấn đáp', '2022-08-07 14:24:45.410', '2022-08-17 05:57:02.172', 0)
INSERT dbo.KhoaHoc(MaKH, MaMH, MaNHD, CachDanhGia, NgayBatDau, NgayKetThuc, active) VALUES (14, 6, 'NHD57', N'Vấn đáp', '2022-12-29 07:35:00.220', '2023-01-04 23:43:13.205', 0)
INSERT dbo.KhoaHoc(MaKH, MaMH, MaNHD, CachDanhGia, NgayBatDau, NgayKetThuc, active) VALUES (15, 14, 'NHD52', N'Trắc nghiệm', '2022-04-20 01:55:38.270', '2022-05-13 15:29:06.469', 1)
INSERT dbo.KhoaHoc(MaKH, MaMH, MaNHD, CachDanhGia, NgayBatDau, NgayKetThuc, active) VALUES (16, 15, 'NHD92', N'Tự luận', '2022-03-02 18:14:35.550', '2022-03-20 12:26:07.021', 0)
INSERT dbo.KhoaHoc(MaKH, MaMH, MaNHD, CachDanhGia, NgayBatDau, NgayKetThuc, active) VALUES (17, 11, 'NHD55', N'Tự luận', '2022-12-09 23:22:10.430', '2022-12-17 23:14:53.626', 1)
INSERT dbo.KhoaHoc(MaKH, MaMH, MaNHD, CachDanhGia, NgayBatDau, NgayKetThuc, active) VALUES (18, 8, 'NHD29', N'Trắc nghiệm', '2022-09-19 08:09:12.300', '2022-10-09 20:20:54.029', 0)
INSERT dbo.KhoaHoc(MaKH, MaMH, MaNHD, CachDanhGia, NgayBatDau, NgayKetThuc, active) VALUES (19, 1, 'NHD48', N'Tự luận', '2022-05-17 14:32:01.250', '2022-05-20 04:59:18.998', 0)
INSERT dbo.KhoaHoc(MaKH, MaMH, MaNHD, CachDanhGia, NgayBatDau, NgayKetThuc, active) VALUES (20, 13, 'NHD48', N'Vấn đáp', '2022-09-28 05:05:39.670', '2022-10-05 00:18:40.960', 0)
INSERT dbo.KhoaHoc(MaKH, MaMH, MaNHD, CachDanhGia, NgayBatDau, NgayKetThuc, active) VALUES (21, 14, 'NHD49', N'Trắc nghiệm', NULL, NULL, 0)
INSERT dbo.KhoaHoc(MaKH, MaMH, MaNHD, CachDanhGia, NgayBatDau, NgayKetThuc, active) VALUES (22, 4, 'NHD03', N'Vấn đáp', '2022-12-23 03:23:25.810', '2023-01-11 21:15:24.756', 1)
INSERT dbo.KhoaHoc(MaKH, MaMH, MaNHD, CachDanhGia, NgayBatDau, NgayKetThuc, active) VALUES (23, 11, 'NHD42', N'Trắc nghiệm', '2022-05-25 19:51:09.110', '2022-06-16 16:28:03.535', 1)
INSERT dbo.KhoaHoc(MaKH, MaMH, MaNHD, CachDanhGia, NgayBatDau, NgayKetThuc, active) VALUES (24, 13, 'NHD15', N'Trắc nghiệm', '2022-11-03 23:08:05.920', '2022-11-18 09:01:09.070', 1)
INSERT dbo.KhoaHoc(MaKH, MaMH, MaNHD, CachDanhGia, NgayBatDau, NgayKetThuc, active) VALUES (25, 9, 'NHD14', N'Tự luận', '2022-06-10 19:39:26.070', '2022-07-02 03:22:39.926', 1)
INSERT dbo.KhoaHoc(MaKH, MaMH, MaNHD, CachDanhGia, NgayBatDau, NgayKetThuc, active) VALUES (26, 17, 'NHD42', N'Trắc nghiệm', '2022-11-05 11:09:29.060', '2022-12-04 05:37:43.351', 1)
INSERT dbo.KhoaHoc(MaKH, MaMH, MaNHD, CachDanhGia, NgayBatDau, NgayKetThuc, active) VALUES (27, 17, 'NHD44', N'Vấn đáp', '2022-06-04 02:16:32.910', '2022-06-30 05:06:06.069', 1)
INSERT dbo.KhoaHoc(MaKH, MaMH, MaNHD, CachDanhGia, NgayBatDau, NgayKetThuc, active) VALUES (28, 13, 'NHD02', N'Tự luận', '2022-07-09 01:33:59.910', '2022-07-15 19:13:08.212', 1)
INSERT dbo.KhoaHoc(MaKH, MaMH, MaNHD, CachDanhGia, NgayBatDau, NgayKetThuc, active) VALUES (29, 16, 'NHD33', N'Tự luận', '2022-01-20 09:38:22.290', '2022-02-15 13:11:33.029', 1)
INSERT dbo.KhoaHoc(MaKH, MaMH, MaNHD, CachDanhGia, NgayBatDau, NgayKetThuc, active) VALUES (30, 19, 'NHD39', N'Trắc nghiệm', '2022-09-17 00:22:09.580', '2022-09-23 00:25:26.152', 0)
INSERT dbo.KhoaHoc(MaKH, MaMH, MaNHD, CachDanhGia, NgayBatDau, NgayKetThuc, active) VALUES (31, 6, 'NHD84', N'Tự luận', '2022-09-21 04:24:07.140', '2022-10-02 01:34:09.518', 1)
INSERT dbo.KhoaHoc(MaKH, MaMH, MaNHD, CachDanhGia, NgayBatDau, NgayKetThuc, active) VALUES (32, 18, 'NHD44', N'Vấn đáp', '2022-01-28 10:56:32.950', '2022-02-27 10:21:05.317', 1)
INSERT dbo.KhoaHoc(MaKH, MaMH, MaNHD, CachDanhGia, NgayBatDau, NgayKetThuc, active) VALUES (33, 15, 'NHD80', N'Trắc nghiệm', '2022-04-18 03:19:06.820', '2022-04-27 12:35:06.380', 0)
INSERT dbo.KhoaHoc(MaKH, MaMH, MaNHD, CachDanhGia, NgayBatDau, NgayKetThuc, active) VALUES (34, 6, 'NHD75', N'Vấn đáp', '2022-02-17 13:40:12.840', '2022-02-22 21:49:00.842', 1)
INSERT dbo.KhoaHoc(MaKH, MaMH, MaNHD, CachDanhGia, NgayBatDau, NgayKetThuc, active) VALUES (35, 18, 'NHD08', N'Trắc nghiệm', '2022-10-30 01:23:04.420', '2022-11-22 14:24:12.613', 0)
INSERT dbo.KhoaHoc(MaKH, MaMH, MaNHD, CachDanhGia, NgayBatDau, NgayKetThuc, active) VALUES (36, 15, 'NHD30', N'Vấn đáp', '2022-03-23 03:35:36.550', '2022-04-06 10:17:57.140', 1)
INSERT dbo.KhoaHoc(MaKH, MaMH, MaNHD, CachDanhGia, NgayBatDau, NgayKetThuc, active) VALUES (37, 12, 'NHD95', N'Tự luận', '2022-04-23 18:04:20.580', '2022-04-28 11:19:45.328', 1)
INSERT dbo.KhoaHoc(MaKH, MaMH, MaNHD, CachDanhGia, NgayBatDau, NgayKetThuc, active) VALUES (38, 17, 'NHD06', N'Trắc nghiệm', '2023-01-04 21:18:20.630', '2023-01-30 03:09:43.347', 1)
INSERT dbo.KhoaHoc(MaKH, MaMH, MaNHD, CachDanhGia, NgayBatDau, NgayKetThuc, active) VALUES (39, 1, 'NHD44', N'Vấn đáp', '2022-07-21 19:05:43.700', '2022-07-24 19:09:30.941', 1)
INSERT dbo.KhoaHoc(MaKH, MaMH, MaNHD, CachDanhGia, NgayBatDau, NgayKetThuc, active) VALUES (40, 13, 'NHD85', N'Vấn đáp', '2022-07-27 23:40:14.510', '2022-08-10 10:44:26.719', 1)
INSERT dbo.KhoaHoc(MaKH, MaMH, MaNHD, CachDanhGia, NgayBatDau, NgayKetThuc, active) VALUES (41, 14, 'NHD70', N'Tự luận', '2022-05-19 01:21:06.260', '2022-05-22 22:55:39.231', 1)
INSERT dbo.KhoaHoc(MaKH, MaMH, MaNHD, CachDanhGia, NgayBatDau, NgayKetThuc, active) VALUES (42, 19, 'NHD07', N'Vấn đáp', '2022-12-13 09:32:30.530', '2022-12-29 15:11:32.043', 1)
INSERT dbo.KhoaHoc(MaKH, MaMH, MaNHD, CachDanhGia, NgayBatDau, NgayKetThuc, active) VALUES (43, 5, 'NHD62', N'Trắc nghiệm', '2022-11-11 05:38:39.240', '2022-11-15 00:22:35.066', 0)
INSERT dbo.KhoaHoc(MaKH, MaMH, MaNHD, CachDanhGia, NgayBatDau, NgayKetThuc, active) VALUES (44, 15, 'NHD45', N'Trắc nghiệm', NULL, NULL, 0)
INSERT dbo.KhoaHoc(MaKH, MaMH, MaNHD, CachDanhGia, NgayBatDau, NgayKetThuc, active) VALUES (45, 9, 'NHD21', N'Trắc nghiệm', '2022-01-20 13:27:15.640', '2022-02-17 23:47:49.367', 1)
INSERT dbo.KhoaHoc(MaKH, MaMH, MaNHD, CachDanhGia, NgayBatDau, NgayKetThuc, active) VALUES (46, 11, 'NHD91', N'Vấn đáp', '2022-10-08 15:12:24.480', '2022-10-31 12:38:32.437', 1)
INSERT dbo.KhoaHoc(MaKH, MaMH, MaNHD, CachDanhGia, NgayBatDau, NgayKetThuc, active) VALUES (47, 10, 'NHD62', N'Vấn đáp', '2022-11-02 19:22:23.120', '2022-11-27 12:03:39.882', 1)
INSERT dbo.KhoaHoc(MaKH, MaMH, MaNHD, CachDanhGia, NgayBatDau, NgayKetThuc, active) VALUES (48, 18, 'NHD01', N'Tự luận', '2022-12-15 01:37:26.740', '2023-01-08 14:06:10.141', 0)
INSERT dbo.KhoaHoc(MaKH, MaMH, MaNHD, CachDanhGia, NgayBatDau, NgayKetThuc, active) VALUES (49, 1, 'NHD01', N'Tự luận', NULL, NULL, 0)
INSERT dbo.KhoaHoc(MaKH, MaMH, MaNHD, CachDanhGia, NgayBatDau, NgayKetThuc, active) VALUES (50, 17, 'NHD10', N'Vấn đáp', '2022-02-24 23:02:13.080', '2022-03-22 10:33:05.823', 1)
INSERT dbo.KhoaHoc(MaKH, MaMH, MaNHD, CachDanhGia, NgayBatDau, NgayKetThuc, active) VALUES (51, 8, 'NHD79', N'Tự luận', '2022-11-28 02:50:59.560', '2022-11-30 01:48:53.655', 1)
INSERT dbo.KhoaHoc(MaKH, MaMH, MaNHD, CachDanhGia, NgayBatDau, NgayKetThuc, active) VALUES (52, 14, 'NHD10', N'Tự luận', '2022-04-23 00:57:23.930', '2022-04-24 20:26:50.614', 1)
INSERT dbo.KhoaHoc(MaKH, MaMH, MaNHD, CachDanhGia, NgayBatDau, NgayKetThuc, active) VALUES (53, 1, 'NHD43', N'Tự luận', '2022-11-02 04:19:43.090', '2022-11-14 18:16:52.957', 0)
INSERT dbo.KhoaHoc(MaKH, MaMH, MaNHD, CachDanhGia, NgayBatDau, NgayKetThuc, active) VALUES (54, 17, 'NHD80', N'Trắc nghiệm', NULL, NULL, 0)
INSERT dbo.KhoaHoc(MaKH, MaMH, MaNHD, CachDanhGia, NgayBatDau, NgayKetThuc, active) VALUES (55, 18, 'NHD43', N'Tự luận', '2022-04-20 14:58:52.740', '2022-04-27 15:59:02.289', 1)
INSERT dbo.KhoaHoc(MaKH, MaMH, MaNHD, CachDanhGia, NgayBatDau, NgayKetThuc, active) VALUES (56, 7, 'NHD05', N'Tự luận', '2022-09-17 20:24:50.910', '2022-09-20 21:00:26.019', 0)
INSERT dbo.KhoaHoc(MaKH, MaMH, MaNHD, CachDanhGia, NgayBatDau, NgayKetThuc, active) VALUES (57, 9, 'NHD93', N'Trắc nghiệm', '2022-06-15 17:58:06.480', '2022-07-15 09:21:01.396', 0)
INSERT dbo.KhoaHoc(MaKH, MaMH, MaNHD, CachDanhGia, NgayBatDau, NgayKetThuc, active) VALUES (58, 7, 'NHD31', N'Trắc nghiệm', '2022-05-24 17:00:49.830', '2022-06-19 22:22:07.478', 0)
INSERT dbo.KhoaHoc(MaKH, MaMH, MaNHD, CachDanhGia, NgayBatDau, NgayKetThuc, active) VALUES (59, 3, 'NHD37', N'Trắc nghiệm', '2022-03-11 06:23:16.290', '2022-04-08 09:04:22.197', 0)
INSERT dbo.KhoaHoc(MaKH, MaMH, MaNHD, CachDanhGia, NgayBatDau, NgayKetThuc, active) VALUES (60, 8, 'NHD78', N'Tự luận', '2022-07-17 19:25:00.260', '2022-07-29 10:23:46.644', 0)
INSERT dbo.KhoaHoc(MaKH, MaMH, MaNHD, CachDanhGia, NgayBatDau, NgayKetThuc, active) VALUES (61, 11, 'NHD40', N'Trắc nghiệm', '2022-12-19 19:07:40.220', '2022-12-27 23:44:24.314', 0)
INSERT dbo.KhoaHoc(MaKH, MaMH, MaNHD, CachDanhGia, NgayBatDau, NgayKetThuc, active) VALUES (62, 10, 'NHD05', N'Tự luận', '2022-12-30 06:20:15.140', '2023-01-06 19:30:16.393', 1)
INSERT dbo.KhoaHoc(MaKH, MaMH, MaNHD, CachDanhGia, NgayBatDau, NgayKetThuc, active) VALUES (63, 2, 'NHD48', N'Vấn đáp', '2022-07-12 01:56:36.400', '2022-07-16 09:23:37.280', 1)
INSERT dbo.KhoaHoc(MaKH, MaMH, MaNHD, CachDanhGia, NgayBatDau, NgayKetThuc, active) VALUES (64, 15, 'NHD51', N'Vấn đáp', '2022-10-16 03:10:32.200', '2022-10-29 22:21:38.664', 0)
INSERT dbo.KhoaHoc(MaKH, MaMH, MaNHD, CachDanhGia, NgayBatDau, NgayKetThuc, active) VALUES (65, 3, 'NHD86', N'Vấn đáp', '2022-04-10 12:12:57.910', '2022-05-09 19:02:02.274', 1)
INSERT dbo.KhoaHoc(MaKH, MaMH, MaNHD, CachDanhGia, NgayBatDau, NgayKetThuc, active) VALUES (66, 11, 'NHD13', N'Tự luận', '2022-07-04 15:33:35.320', '2022-07-16 17:37:08.368', 0)
INSERT dbo.KhoaHoc(MaKH, MaMH, MaNHD, CachDanhGia, NgayBatDau, NgayKetThuc, active) VALUES (67, 15, 'NHD02', N'Vấn đáp', '2022-11-10 12:13:35.380', '2022-11-28 20:20:39.512', 1)
INSERT dbo.KhoaHoc(MaKH, MaMH, MaNHD, CachDanhGia, NgayBatDau, NgayKetThuc, active) VALUES (68, 6, 'NHD62', N'Trắc nghiệm', '2022-03-02 13:09:29.350', '2022-03-16 17:43:35.276', 0)
INSERT dbo.KhoaHoc(MaKH, MaMH, MaNHD, CachDanhGia, NgayBatDau, NgayKetThuc, active) VALUES (69, 14, 'NHD22', N'Tự luận', '2022-08-13 14:52:45.760', '2022-08-19 09:58:44.215', 0)
INSERT dbo.KhoaHoc(MaKH, MaMH, MaNHD, CachDanhGia, NgayBatDau, NgayKetThuc, active) VALUES (70, 12, 'NHD83', N'Trắc nghiệm', '2022-08-24 17:59:24.270', '2022-09-05 01:58:26.692', 1)
INSERT dbo.KhoaHoc(MaKH, MaMH, MaNHD, CachDanhGia, NgayBatDau, NgayKetThuc, active) VALUES (71, 18, 'NHD57', N'Vấn đáp', '2022-04-02 05:22:05.480', '2022-04-12 23:18:31.317', 0)
INSERT dbo.KhoaHoc(MaKH, MaMH, MaNHD, CachDanhGia, NgayBatDau, NgayKetThuc, active) VALUES (72, 14, 'NHD87', N'Trắc nghiệm', NULL, NULL, 0)
INSERT dbo.KhoaHoc(MaKH, MaMH, MaNHD, CachDanhGia, NgayBatDau, NgayKetThuc, active) VALUES (73, 6, 'NHD66', N'Tự luận', '2022-08-11 03:05:59.320', '2022-08-12 07:59:28.483', 1)
INSERT dbo.KhoaHoc(MaKH, MaMH, MaNHD, CachDanhGia, NgayBatDau, NgayKetThuc, active) VALUES (74, 14, 'NHD95', N'Trắc nghiệm', '2022-08-06 10:36:24.390', '2022-09-04 19:56:49.600', 1)
INSERT dbo.KhoaHoc(MaKH, MaMH, MaNHD, CachDanhGia, NgayBatDau, NgayKetThuc, active) VALUES (75, 9, 'NHD82', N'Trắc nghiệm', '2022-02-11 16:42:26.650', '2022-03-04 10:03:27.670', 0)
INSERT dbo.KhoaHoc(MaKH, MaMH, MaNHD, CachDanhGia, NgayBatDau, NgayKetThuc, active) VALUES (76, 12, 'NHD51', N'Trắc nghiệm', '2022-10-09 14:43:33.120', '2022-10-10 07:55:00.638', 1)
INSERT dbo.KhoaHoc(MaKH, MaMH, MaNHD, CachDanhGia, NgayBatDau, NgayKetThuc, active) VALUES (77, 10, 'NHD56', N'Vấn đáp', '2023-01-01 21:00:36.460', '2023-01-09 19:50:26.538', 0)
INSERT dbo.KhoaHoc(MaKH, MaMH, MaNHD, CachDanhGia, NgayBatDau, NgayKetThuc, active) VALUES (78, 16, 'NHD36', N'Trắc nghiệm', '2022-06-27 07:44:02.850', '2022-07-25 21:08:31.586', 1)
INSERT dbo.KhoaHoc(MaKH, MaMH, MaNHD, CachDanhGia, NgayBatDau, NgayKetThuc, active) VALUES (79, 4, 'NHD58', N'Trắc nghiệm', '2022-09-04 02:12:00.250', '2022-09-28 13:41:12.630', 1)
INSERT dbo.KhoaHoc(MaKH, MaMH, MaNHD, CachDanhGia, NgayBatDau, NgayKetThuc, active) VALUES (80, 14, 'NHD16', N'Vấn đáp', '2022-08-14 02:30:51.760', '2022-09-05 13:02:45.923', 1)
INSERT dbo.KhoaHoc(MaKH, MaMH, MaNHD, CachDanhGia, NgayBatDau, NgayKetThuc, active) VALUES (81, 4, 'NHD35', N'Trắc nghiệm', '2022-02-13 12:57:59.540', '2022-02-13 20:18:32.888', 1)
INSERT dbo.KhoaHoc(MaKH, MaMH, MaNHD, CachDanhGia, NgayBatDau, NgayKetThuc, active) VALUES (82, 1, 'NHD45', N'Trắc nghiệm', '2022-09-20 18:53:42.720', '2022-10-06 22:55:50.118', 0)
INSERT dbo.KhoaHoc(MaKH, MaMH, MaNHD, CachDanhGia, NgayBatDau, NgayKetThuc, active) VALUES (83, 18, 'NHD94', N'Trắc nghiệm', '2022-09-08 05:56:42.880', '2022-09-28 23:34:22.576', 0)
INSERT dbo.KhoaHoc(MaKH, MaMH, MaNHD, CachDanhGia, NgayBatDau, NgayKetThuc, active) VALUES (84, 15, 'NHD85', N'Trắc nghiệm', '2022-07-26 06:15:32.750', '2022-08-25 02:53:31.385', 1)
INSERT dbo.KhoaHoc(MaKH, MaMH, MaNHD, CachDanhGia, NgayBatDau, NgayKetThuc, active) VALUES (85, 7, 'NHD73', N'Trắc nghiệm', '2022-06-04 16:12:53.530', '2022-06-11 18:18:02.994', 0)
INSERT dbo.KhoaHoc(MaKH, MaMH, MaNHD, CachDanhGia, NgayBatDau, NgayKetThuc, active) VALUES (86, 4, 'NHD61', N'Trắc nghiệm', '2022-12-29 03:23:39.870', '2023-01-23 15:52:05.345', 0)
INSERT dbo.KhoaHoc(MaKH, MaMH, MaNHD, CachDanhGia, NgayBatDau, NgayKetThuc, active) VALUES (87, 9, 'NHD31', N'Vấn đáp', NULL, NULL, 1)
INSERT dbo.KhoaHoc(MaKH, MaMH, MaNHD, CachDanhGia, NgayBatDau, NgayKetThuc, active) VALUES (88, 13, 'NHD47', N'Trắc nghiệm', '2022-07-11 17:29:40.500', '2022-08-01 23:39:13.479', 0)
INSERT dbo.KhoaHoc(MaKH, MaMH, MaNHD, CachDanhGia, NgayBatDau, NgayKetThuc, active) VALUES (89, 19, 'NHD96', N'Vấn đáp', '2022-04-06 00:42:08.260', '2022-04-23 12:49:36.270', 0)
INSERT dbo.KhoaHoc(MaKH, MaMH, MaNHD, CachDanhGia, NgayBatDau, NgayKetThuc, active) VALUES (90, 19, 'NHD78', N'Vấn đáp', '2022-07-05 18:59:53.040', '2022-07-22 12:32:11.257', 1)
INSERT dbo.KhoaHoc(MaKH, MaMH, MaNHD, CachDanhGia, NgayBatDau, NgayKetThuc, active) VALUES (91, 14, 'NHD96', N'Trắc nghiệm', '2022-01-18 08:14:46.670', '2022-01-18 18:37:08.166', 1)
INSERT dbo.KhoaHoc(MaKH, MaMH, MaNHD, CachDanhGia, NgayBatDau, NgayKetThuc, active) VALUES (92, 11, 'NHD00', N'Trắc nghiệm', '2022-10-17 13:53:09.020', '2022-11-01 23:59:34.868', 1)
INSERT dbo.KhoaHoc(MaKH, MaMH, MaNHD, CachDanhGia, NgayBatDau, NgayKetThuc, active) VALUES (93, 5, 'NHD45', N'Tự luận', '2022-10-30 18:39:41.010', '2022-11-27 01:40:21.403', 0)
INSERT dbo.KhoaHoc(MaKH, MaMH, MaNHD, CachDanhGia, NgayBatDau, NgayKetThuc, active) VALUES (94, 4, 'NHD04', N'Trắc nghiệm', '2022-09-20 10:54:37.920', '2022-09-29 18:29:07.586', 0)
INSERT dbo.KhoaHoc(MaKH, MaMH, MaNHD, CachDanhGia, NgayBatDau, NgayKetThuc, active) VALUES (95, 17, 'NHD22', N'Tự luận', '2022-12-29 13:36:16.670', '2023-01-13 09:06:16.992', 0)
INSERT dbo.KhoaHoc(MaKH, MaMH, MaNHD, CachDanhGia, NgayBatDau, NgayKetThuc, active) VALUES (96, 7, 'NHD37', N'Vấn đáp', NULL, NULL, 0)
INSERT dbo.KhoaHoc(MaKH, MaMH, MaNHD, CachDanhGia, NgayBatDau, NgayKetThuc, active) VALUES (97, 18, 'NHD27', N'Tự luận', '2022-05-21 10:19:22.360', '2022-06-04 01:35:24.623', 1)
INSERT dbo.KhoaHoc(MaKH, MaMH, MaNHD, CachDanhGia, NgayBatDau, NgayKetThuc, active) VALUES (98, 1, 'NHD92', N'Vấn đáp', NULL, NULL, 0)
INSERT dbo.KhoaHoc(MaKH, MaMH, MaNHD, CachDanhGia, NgayBatDau, NgayKetThuc, active) VALUES (99, 18, 'NHD67', N'Tự luận', NULL, NULL, 0)
INSERT dbo.KhoaHoc(MaKH, MaMH, MaNHD, CachDanhGia, NgayBatDau, NgayKetThuc, active) VALUES (100, 6, 'NHD40', N'Vấn đáp', NULL, NULL, 1)
GO
SET IDENTITY_INSERT dbo.KhoaHoc OFF
GO

--
-- Inserting data into table dbo.LopHoc
--
INSERT dbo.LopHoc(MaKH, MaHV, Diem, TrangThai, active) VALUES (16, N'HV62', 9.4, 1, 0)
INSERT dbo.LopHoc(MaKH, MaHV, Diem, TrangThai, active) VALUES (8, N'HV62', 8.07, 2, 1)
INSERT dbo.LopHoc(MaKH, MaHV, Diem, TrangThai, active) VALUES (5, N'HV92', 8.6, 0, 1)
INSERT dbo.LopHoc(MaKH, MaHV, Diem, TrangThai, active) VALUES (7, N'HV62', 2.59, 2, 1)
INSERT dbo.LopHoc(MaKH, MaHV, Diem, TrangThai, active) VALUES (10, N'HV22', 8.72, 0, 0)
INSERT dbo.LopHoc(MaKH, MaHV, Diem, TrangThai, active) VALUES (19, N'HV02', 10, 2, 0)
INSERT dbo.LopHoc(MaKH, MaHV, Diem, TrangThai, active) VALUES (18, N'HV02', 5.74, 1, 1)
INSERT dbo.LopHoc(MaKH, MaHV, Diem, TrangThai, active) VALUES (17, N'HV42', 3.67, 1, 1)
INSERT dbo.LopHoc(MaKH, MaHV, Diem, TrangThai, active) VALUES (10, N'HV92', 1.02, 1, 0)
INSERT dbo.LopHoc(MaKH, MaHV, Diem, TrangThai, active) VALUES (9, N'HV22', 1.85, 2, 1)
INSERT dbo.LopHoc(MaKH, MaHV, Diem, TrangThai, active) VALUES (4, N'HV92', 5.48, 0, 1)
INSERT dbo.LopHoc(MaKH, MaHV, Diem, TrangThai, active) VALUES (6, N'HV52', 3.7, 2, 0)
INSERT dbo.LopHoc(MaKH, MaHV, Diem, TrangThai, active) VALUES (10, N'HV52', 7.25, 2, 1)
INSERT dbo.LopHoc(MaKH, MaHV, Diem, TrangThai, active) VALUES (5, N'HV52', 6.88, 2, 0)
INSERT dbo.LopHoc(MaKH, MaHV, Diem, TrangThai, active) VALUES (4, N'HV52', 3.95, 1, 0)
INSERT dbo.LopHoc(MaKH, MaHV, Diem, TrangThai, active) VALUES (18, N'HV72', 6.49, 0, 1)
INSERT dbo.LopHoc(MaKH, MaHV, Diem, TrangThai, active) VALUES (6, N'HV12', 3.72, 1, 1)
INSERT dbo.LopHoc(MaKH, MaHV, Diem, TrangThai, active) VALUES (9, N'HV52', 10, 0, 0)
INSERT dbo.LopHoc(MaKH, MaHV, Diem, TrangThai, active) VALUES (11, N'HV12', 6.99, 1, 0)
INSERT dbo.LopHoc(MaKH, MaHV, Diem, TrangThai, active) VALUES (11, N'HV52', 2.24, 2, 1)
INSERT dbo.LopHoc(MaKH, MaHV, Diem, TrangThai, active) VALUES (11, N'HV82', 1.55, 1, 0)
INSERT dbo.LopHoc(MaKH, MaHV, Diem, TrangThai, active) VALUES (10, N'HV82', 4.82, 1, 0)
INSERT dbo.LopHoc(MaKH, MaHV, Diem, TrangThai, active) VALUES (13, N'HV22', 8.33, 2, 1)
INSERT dbo.LopHoc(MaKH, MaHV, Diem, TrangThai, active) VALUES (9, N'HV42', 8.3, 1, 0)
INSERT dbo.LopHoc(MaKH, MaHV, Diem, TrangThai, active) VALUES (12, N'HV62', 3.53, 1, 1)
INSERT dbo.LopHoc(MaKH, MaHV, Diem, TrangThai, active) VALUES (5, N'HV12', 8.08, 2, 0)
INSERT dbo.LopHoc(MaKH, MaHV, Diem, TrangThai, active) VALUES (7, N'HV32', 6.25, 1, 0)
INSERT dbo.LopHoc(MaKH, MaHV, Diem, TrangThai, active) VALUES (11, N'HV62', 3.75, 0, 0)
INSERT dbo.LopHoc(MaKH, MaHV, Diem, TrangThai, active) VALUES (10, N'HV12', 6.5, 1, 0)
INSERT dbo.LopHoc(MaKH, MaHV, Diem, TrangThai, active) VALUES (12, N'HV32', 1.54, 1, 0)
INSERT dbo.LopHoc(MaKH, MaHV, Diem, TrangThai, active) VALUES (6, N'HV32', 3.6, 1, 1)
INSERT dbo.LopHoc(MaKH, MaHV, Diem, TrangThai, active) VALUES (12, N'HV12', 9.22, 2, 0)
INSERT dbo.LopHoc(MaKH, MaHV, Diem, TrangThai, active) VALUES (8, N'HV42', 7.59, 2, 0)
INSERT dbo.LopHoc(MaKH, MaHV, Diem, TrangThai, active) VALUES (11, N'HV32', 10, 0, 1)
INSERT dbo.LopHoc(MaKH, MaHV, Diem, TrangThai, active) VALUES (10, N'HV32', 1.62, 1, 1)
INSERT dbo.LopHoc(MaKH, MaHV, Diem, TrangThai, active) VALUES (13, N'HV42', 4.03, 0, 1)
INSERT dbo.LopHoc(MaKH, MaHV, Diem, TrangThai, active) VALUES (12, N'HV22', 4.73, 0, 0)
INSERT dbo.LopHoc(MaKH, MaHV, Diem, TrangThai, active) VALUES (8, N'HV22', 7.6, 2, 0)
INSERT dbo.LopHoc(MaKH, MaHV, Diem, TrangThai, active) VALUES (7, N'HV22', 7.27, 2, 0)
INSERT dbo.LopHoc(MaKH, MaHV, Diem, TrangThai, active) VALUES (10, N'HV72', 5.55, 2, 1)
INSERT dbo.LopHoc(MaKH, MaHV, Diem, TrangThai, active) VALUES (14, N'HV82', 1.64, 2, 0)
INSERT dbo.LopHoc(MaKH, MaHV, Diem, TrangThai, active) VALUES (13, N'HV32', 10, 1, 0)
INSERT dbo.LopHoc(MaKH, MaHV, Diem, TrangThai, active) VALUES (11, N'HV22', 5.06, 2, 0)
INSERT dbo.LopHoc(MaKH, MaHV, Diem, TrangThai, active) VALUES (13, N'HV82', 10, 1, 1)
INSERT dbo.LopHoc(MaKH, MaHV, Diem, TrangThai, active) VALUES (9, N'HV72', 4.49, 2, 1)
INSERT dbo.LopHoc(MaKH, MaHV, Diem, TrangThai, active) VALUES (12, N'HV42', 5.42, 2, 0)
INSERT dbo.LopHoc(MaKH, MaHV, Diem, TrangThai, active) VALUES (15, N'HV62', 8.6, 2, 1)
INSERT dbo.LopHoc(MaKH, MaHV, Diem, TrangThai, active) VALUES (14, N'HV22', 1.38, 2, 0)
INSERT dbo.LopHoc(MaKH, MaHV, Diem, TrangThai, active) VALUES (16, N'HV42', 10, 2, 0)
INSERT dbo.LopHoc(MaKH, MaHV, Diem, TrangThai, active) VALUES (12, N'HV82', 4.36, 1, 1)
INSERT dbo.LopHoc(MaKH, MaHV, Diem, TrangThai, active) VALUES (15, N'HV82', 10, 0, 1)
INSERT dbo.LopHoc(MaKH, MaHV, Diem, TrangThai, active) VALUES (14, N'HV72', 7.59, 0, 1)
INSERT dbo.LopHoc(MaKH, MaHV, Diem, TrangThai, active) VALUES (13, N'HV72', 5.19, 1, 1)
INSERT dbo.LopHoc(MaKH, MaHV, Diem, TrangThai, active) VALUES (11, N'HV02', 5.62, 2, 1)
INSERT dbo.LopHoc(MaKH, MaHV, Diem, TrangThai, active) VALUES (9, N'HV82', 10, 0, 0)
INSERT dbo.LopHoc(MaKH, MaHV, Diem, TrangThai, active) VALUES (14, N'HV62', 1.96, 0, 1)
INSERT dbo.LopHoc(MaKH, MaHV, Diem, TrangThai, active) VALUES (8, N'HV82', 9.22, 0, 0)
INSERT dbo.LopHoc(MaKH, MaHV, Diem, TrangThai, active) VALUES (10, N'HV02', 6.59, 2, 0)
INSERT dbo.LopHoc(MaKH, MaHV, Diem, TrangThai, active) VALUES (17, N'HV72', 8.67, 0, 0)
INSERT dbo.LopHoc(MaKH, MaHV, Diem, TrangThai, active) VALUES (13, N'HV62', 7.12, 1, 1)
INSERT dbo.LopHoc(MaKH, MaHV, Diem, TrangThai, active) VALUES (15, N'HV02', 2.78, 1, 0)
INSERT dbo.LopHoc(MaKH, MaHV, Diem, TrangThai, active) VALUES (3, N'HV92', 7.9, 1, 0)
INSERT dbo.LopHoc(MaKH, MaHV, Diem, TrangThai, active) VALUES (14, N'HV02', 10, 2, 0)
INSERT dbo.LopHoc(MaKH, MaHV, Diem, TrangThai, active) VALUES (15, N'HV42', 9.59, 2, 1)
INSERT dbo.LopHoc(MaKH, MaHV, Diem, TrangThai, active) VALUES (2, N'HV92', 3.94, 2, 1)
INSERT dbo.LopHoc(MaKH, MaHV, Diem, TrangThai, active) VALUES (1, N'HV92', 7.27, 2, 0)
INSERT dbo.LopHoc(MaKH, MaHV, Diem, TrangThai, active) VALUES (3, N'HV52', 2.13, 2, 1)
INSERT dbo.LopHoc(MaKH, MaHV, Diem, TrangThai, active) VALUES (7, N'HV92', 1.17, 2, 0)
INSERT dbo.LopHoc(MaKH, MaHV, Diem, TrangThai, active) VALUES (14, N'HV42', 8.45, 2, 1)
INSERT dbo.LopHoc(MaKH, MaHV, Diem, TrangThai, active) VALUES (2, N'HV52', 5.33, 1, 1)
INSERT dbo.LopHoc(MaKH, MaHV, Diem, TrangThai, active) VALUES (4, N'HV12', 2.1, 1, 1)
INSERT dbo.LopHoc(MaKH, MaHV, Diem, TrangThai, active) VALUES (10, N'HV62', 7.16, 0, 1)
INSERT dbo.LopHoc(MaKH, MaHV, Diem, TrangThai, active) VALUES (6, N'HV92', 1.98, 1, 1)
INSERT dbo.LopHoc(MaKH, MaHV, Diem, TrangThai, active) VALUES (16, N'HV72', 8.39, 2, 1)
INSERT dbo.LopHoc(MaKH, MaHV, Diem, TrangThai, active) VALUES (8, N'HV52', 9.39, 0, 0)
INSERT dbo.LopHoc(MaKH, MaHV, Diem, TrangThai, active) VALUES (15, N'HV72', 5.58, 2, 0)
INSERT dbo.LopHoc(MaKH, MaHV, Diem, TrangThai, active) VALUES (9, N'HV62', 4.46, 2, 1)
INSERT dbo.LopHoc(MaKH, MaHV, Diem, TrangThai, active) VALUES (17, N'HV02', 6.02, 1, 1)
INSERT dbo.LopHoc(MaKH, MaHV, Diem, TrangThai, active) VALUES (16, N'HV02', 5.2, 2, 0)
INSERT dbo.LopHoc(MaKH, MaHV, Diem, TrangThai, active) VALUES (3, N'HV12', 7.36, 2, 0)
INSERT dbo.LopHoc(MaKH, MaHV, Diem, TrangThai, active) VALUES (11, N'HV42', 1.27, 2, 0)
INSERT dbo.LopHoc(MaKH, MaHV, Diem, TrangThai, active) VALUES (7, N'HV52', 1.33, 2, 1)
INSERT dbo.LopHoc(MaKH, MaHV, Diem, TrangThai, active) VALUES (5, N'HV32', 5.61, 0, 0)
INSERT dbo.LopHoc(MaKH, MaHV, Diem, TrangThai, active) VALUES (9, N'HV92', 2.17, 0, 1)
INSERT dbo.LopHoc(MaKH, MaHV, Diem, TrangThai, active) VALUES (9, N'HV12', 5.34, 2, 1)
INSERT dbo.LopHoc(MaKH, MaHV, Diem, TrangThai, active) VALUES (10, N'HV42', 2.96, 1, 0)
INSERT dbo.LopHoc(MaKH, MaHV, Diem, TrangThai, active) VALUES (8, N'HV92', 3.51, 0, 1)
INSERT dbo.LopHoc(MaKH, MaHV, Diem, TrangThai, active) VALUES (12, N'HV72', 1.21, 1, 1)
INSERT dbo.LopHoc(MaKH, MaHV, Diem, TrangThai, active) VALUES (4, N'HV32', 7.37, 1, 1)
INSERT dbo.LopHoc(MaKH, MaHV, Diem, TrangThai, active) VALUES (6, N'HV22', 3.7, 2, 1)
INSERT dbo.LopHoc(MaKH, MaHV, Diem, TrangThai, active) VALUES (8, N'HV12', 10, 2, 1)
INSERT dbo.LopHoc(MaKH, MaHV, Diem, TrangThai, active) VALUES (11, N'HV72', 8.33, 2, 1)
INSERT dbo.LopHoc(MaKH, MaHV, Diem, TrangThai, active) VALUES (7, N'HV12', 2.54, 0, 1)
INSERT dbo.LopHoc(MaKH, MaHV, Diem, TrangThai, active) VALUES (13, N'HV02', 4.1, 0, 0)
INSERT dbo.LopHoc(MaKH, MaHV, Diem, TrangThai, active) VALUES (9, N'HV32', 3.04, 0, 0)
INSERT dbo.LopHoc(MaKH, MaHV, Diem, TrangThai, active) VALUES (5, N'HV22', 8.05, 0, 0)
INSERT dbo.LopHoc(MaKH, MaHV, Diem, TrangThai, active) VALUES (8, N'HV32', 4.38, 1, 1)
INSERT dbo.LopHoc(MaKH, MaHV, Diem, TrangThai, active) VALUES (7, N'HV82', 8.98, 0, 1)
INSERT dbo.LopHoc(MaKH, MaHV, Diem, TrangThai, active) VALUES (6, N'HV82', 3.35, 2, 1)
INSERT dbo.LopHoc(MaKH, MaHV, Diem, TrangThai, active) VALUES (12, N'HV02', 1.06, 2, 1)
GO

--
-- Set NOEXEC to off
--

SET NOEXEC OFF
GO